player_id,name,phone,email
1,Dean Markoshan,773-550-7443,dino.machino60@gmail.com
2,Bill Winters,773-600-8242,wjwinters7916@gmail.com
3,Bob D'Agostino,773-266-8986,zenqra@yahoo.com
4,BYE,,
5,Ramon Odom,815-517-7525,ramonodomjr@gmail.com
6,Bob Cozzolino,708-371-9950,bobcozzolino@gmail.com
7,Dean Hellstrom,224-489-8125,dean.hellstrom@comcast.net
8,Mike Lullo,630-514-2270,mikelullojr@gmail.com
9,Jermale Dabney,773-590-1819,jdab399@gmail.com
10,Rick Coleman,630-913-3202,rcoleman10250@gmail.com
11,Craig Nelson,630-400-2154,cn60@hotmail.com
12,Greg Buban,708-288-7900,gbuban@ameritech.net
13,Dan Hayes,630-532-9609,dhayes123@hotmail.com
14,Eric Roberts,708-539-6461,poolmastere_rob@hotmail.com
15,Josh Klonowski,815-922-1865,joshklonowski@me.com
16,Bob Stark,773-908-9923,michigansnickersblue@yahoo.com
17,Tom Allie,312-758-9449,tmallie601@gmail.com
18,John Rawski,773-412-9575,eightballcop@sbcglobal.net
19,Kevin Deane,708-567-8606,kevinbdeane@gmail.com
20,Rich Mager,331-262-3482,rmmpool@yahoo.com
21,Dean Hellstrom,224-489-8125,dean.hellstrom@comcast.net
22,Tony Sarna,708-921-7664,onepocket70@gmail.com
23,Quentin Baker,708-548-1997,quintenbaker@gmail.com
24,Blue Flemming,219-776-3898,bfleming03@gmail.com
25,Ed Romito,216-577-0351,edromito@gmail.com
26,Michael Small,630-399-2753,michael.small.ee@gmail.com
27,Dean Bass,708-601-3326,deanbass@mac.com
28,BYE,,
29,Leone Walker,708-341-1214,leongw47@gmail.com
30,Ron Shepard,630-404-2639,shepard@tcg.anl.gov
31,Bennet Talaber,708-267-7099,talaber33@outlook.com
32,Donn Schrader,847-287-3728,dws530@gmail.com
33,Jose Rodriguez,312-607-1567,j.rod40th@gmail.com
34,Mike Bandy,815-953-4860,mikebandy@att.net
35,John Lavin,,wyatt319@comcast.net
36,Pete Ferrel,630-776-5322,peteferrel2442@gmail.com
